{
  "8D5U5531.png": {
    "camera_name": "canon5d",
    "darkness_level": 128,
    "saturation_level": 3650,
    "gt_illum": [0.7261009812355042, 1.0, 0.5617615580558777],
    "cc_coords": [0.74814772605896, 0.898390531539917, 0.5005789399147034, 0.6401258707046509]
  },
  "IMG_0564.png": {
    "camera_name": "canon5d",
    "darkness_level": 128,
    "saturation_level": 3650,
    "gt_illum": [0.4386281669139862, 1.0, 0.7292418479919434],
    "cc_coords": [0.1892341524362564, 0.41823217272758484, 0.7708812355995178, 0.8862088918685913]
  }
}
