{
    "rgb_xyz": [
        [
            3.2406,
            -1.5372,
            -0.4986
        ],
        [
            -0.9689,
            1.8758,
            0.0415
        ],
        [
            0.0557,
            -0.204,
            1.057
        ]
    ],
    "xyz_rgb": [
        [
            0.412453,
            0.357580,
            0.180423
        ],
        [
            0.212671,
            0.715160,
            0.072169
        ],
        [
            0.019334,
            0.119193,
            0.950227
        ]
    ],
    "Canon1DsMkIII": [
        [
            0.5859,
            -0.0211,
            -0.093
        ],
        [
            -0.8255,
            1.6017,
            0.2353
        ],
        [
            -0.1732,
            0.1887,
            0.7448
        ]
    ],
    "Canon600D": [
        [
            0.6461,
            -0.0907,
            -0.0882
        ],
        [
            -0.43,
            1.2184,
            0.2378
        ],
        [
            -0.0819,
            0.1944,
            0.5931
        ]
    ],
    "FujifilmXM1": [
        [
            1.0413,
            -0.3996,
            -0.0993
        ],
        [
            -0.3721,
            1.164,
            0.2361
        ],
        [
            -0.0733,
            0.154,
            0.6011
        ]
    ],
    "NikonD5200": [
        [
            0.8322,
            -0.3112,
            -0.1047
        ],
        [
            -0.6367,
            1.4342,
            0.2179
        ],
        [
            -0.0988,
            0.1638,
            0.6394
        ]
    ],
    "OlympusEPL6": [
        [
            0.838,
            -0.263,
            -0.0639
        ],
        [
            -0.2887,
            1.0725,
            0.2496
        ],
        [
            -0.0627,
            0.1427,
            0.5438
        ]
    ],
    "PanasonicGX1": [
        [
            0.6763,
            -0.1919,
            -0.0863
        ],
        [
            -0.3868,
            1.1515,
            0.2684
        ],
        [
            -0.1216,
            0.2387,
            0.5879
        ]
    ],
    "SamsungNX2000": [
        [
            0.7557,
            -0.2522,
            -0.0739
        ],
        [
            -0.4679,
            1.2949,
            0.1894
        ],
        [
            -0.084,
            0.1777,
            0.5311
        ]
    ],
    "SonyA57": [
        [
            0.5991,
            -0.1456,
            -0.0455
        ],
        [
            -0.4764,
            1.2135,
            0.298
        ],
        [
            -0.0707,
            0.1425,
            0.6701
        ]
    ],
    "canon1d": [
        [
            0.6808,
            -0.0179,
            -0.102
        ],
        [
            -0.8097,
            1.6415,
            0.1687
        ],
        [
            -0.3267,
            0.4236,
            0.769
        ]
    ],
    "canon5d": [
        [
            0.6347,
            -0.0479,
            -0.0972
        ],
        [
            -0.8297,
            1.5954,
            0.248
        ],
        [
            -0.1968,
            0.2131,
            0.7649
        ]
    ],
    "Canon_5DSR": [
        [
            0.6250,
            -0.0711,
            -0.0808
        ],
        [
            -0.5153,
            1.2794,
            0.2636
        ],
        [
            -0.1249,
            0.2198,
            0.5610
        ]
    ],
    "Nikon_D810": [
        [
            0.9369,
            -0.3195,
            -0.0791
        ],
        [
            -0.4488,
            1.2430,
            0.2301
        ],
        [
            -0.0893,
            0.1796,
            0.6872
        ]
    ],
    "Canon_EOS_550D": [
        [
            0.6941,
            -0.1164,
            -0.0857
        ],
        [
            -0.3825,
            1.1597,
            0.2534
        ],
        [
            -0.0416,
            0.1540,
            0.6039
        ]
    ]
}